DR: 0.069616(50), 0.065594(all), eps: 0.950000
DR: 0.066639(50), 0.065940(all), eps: 0.925000
DR: 0.071185(50), 0.067245(all), eps: 0.900000
DR: 0.083051(50), 0.070394(all), eps: 0.875000
DR: 0.076634(50), 0.071430(all), eps: 0.850000
DR: 0.074206(50), 0.070817(all), eps: 0.822500
DR: 0.095154(50), 0.073814(all), eps: 0.797500
DR: 0.120552(50), 0.078238(all), eps: 0.770000
DR: 0.091266(50), 0.079512(all), eps: 0.745000
DR: 0.098464(50), 0.080724(all), eps: 0.717500
DR: 0.126391(50), 0.084431(all), eps: 0.692500
DR: 0.062558(50), 0.082385(all), eps: 0.665000
DR: 0.108339(50), 0.084185(all), eps: 0.640000
DR: 0.137894(50), 0.087103(all), eps: 0.612500
DR: 0.117224(50), 0.088926(all), eps: 0.587500
DR: 0.097979(50), 0.089011(all), eps: 0.560000
DR: 0.096141(50), 0.089394(all), eps: 0.535000
DR: 0.103298(50), 0.089702(all), eps: 0.507500
DR: 0.110952(50), 0.090727(all), eps: 0.482500
DR: 0.096195(50), 0.090562(all), eps: 0.455000
DR: 0.099281(50), 0.090944(all), eps: 0.430000
DR: 0.109123(50), 0.091371(all), eps: 0.402500
DR: 0.110303(50), 0.092130(all), eps: 0.377500
DR: 0.116787(50), 0.092724(all), eps: 0.350000
DR: 0.093133(50), 0.092739(all), eps: 0.325000
DR: 0.110240(50), 0.093113(all), eps: 0.297500
DR: 0.107842(50), 0.093619(all), eps: 0.272500
DR: 0.095784(50), 0.093454(all), eps: 0.245000
DR: 0.117048(50), 0.094210(all), eps: 0.220000
DR: 0.135458(50), 0.095272(all), eps: 0.200000
DR: 0.143095(50), 0.096707(all), eps: 0.200000
DR: 0.084484(50), 0.096113(all), eps: 0.200000
DR: 0.106554(50), 0.096408(all), eps: 0.200000
DR: 0.145703(50), 0.097566(all), eps: 0.200000
DR: 0.088218(50), 0.097317(all), eps: 0.200000
DR: 0.071280(50), 0.096465(all), eps: 0.200000
DR: 0.120201(50), 0.097064(all), eps: 0.200000
DR: 0.150291(50), 0.098171(all), eps: 0.200000
DR: 0.100774(50), 0.098233(all), eps: 0.200000
DR: 0.114616(50), 0.098450(all), eps: 0.200000
DR: 0.198309(50), 0.100729(all), eps: 0.200000
DR: 0.140445(50), 0.101439(all), eps: 0.200000
DR: 0.179603(50), 0.103142(all), eps: 0.200000
DR: 0.158774(50), 0.104502(all), eps: 0.200000
DR: 0.151843(50), 0.105488(all), eps: 0.200000
DR: 0.125858(50), 0.106146(all), eps: 0.200000
DR: 0.170023(50), 0.107421(all), eps: 0.200000
DR: 0.153705(50), 0.108181(all), eps: 0.200000
DR: 0.180374(50), 0.109564(all), eps: 0.200000
DR: 0.178980(50), 0.111282(all), eps: 0.200000
DR: 0.164473(50), 0.112261(all), eps: 0.200000
DR: 0.131254(50), 0.112441(all), eps: 0.200000
DR: 0.141723(50), 0.112960(all), eps: 0.200000
DR: 0.182723(50), 0.114078(all), eps: 0.200000
DR: 0.164564(50), 0.114940(all), eps: 0.200000
DR: 0.230535(50), 0.117042(all), eps: 0.200000
DR: 0.219555(50), 0.118733(all), eps: 0.200000
DR: 0.174473(50), 0.119744(all), eps: 0.200000
DR: 0.145242(50), 0.120151(all), eps: 0.200000
DR: 0.169713(50), 0.121391(all), eps: 0.200000
DR: 0.179570(50), 0.122288(all), eps: 0.200000
DR: 0.196531(50), 0.123299(all), eps: 0.200000
DR: 0.131917(50), 0.123428(all), eps: 0.200000
DR: 0.176876(50), 0.124055(all), eps: 0.200000
DR: 0.152722(50), 0.124470(all), eps: 0.200000
DR: 0.166441(50), 0.125047(all), eps: 0.200000
DR: 0.217233(50), 0.126343(all), eps: 0.200000
DR: 0.168169(50), 0.126782(all), eps: 0.200000
DR: 0.098855(50), 0.126401(all), eps: 0.200000
DR: 0.135796(50), 0.126568(all), eps: 0.200000
DR: 0.233881(50), 0.127993(all), eps: 0.200000
DR: 0.120104(50), 0.127740(all), eps: 0.200000
DR: 0.092190(50), 0.127281(all), eps: 0.200000
DR: 0.148619(50), 0.127589(all), eps: 0.200000
DR: 0.129307(50), 0.127611(all), eps: 0.200000
DR: 0.142095(50), 0.127757(all), eps: 0.200000
DR: 0.147077(50), 0.127993(all), eps: 0.200000
DR: 0.169582(50), 0.128388(all), eps: 0.200000
DR: 0.158745(50), 0.128750(all), eps: 0.200000
DR: 0.219398(50), 0.129700(all), eps: 0.200000
DR: 0.230389(50), 0.130874(all), eps: 0.200000
DR: 0.142643(50), 0.130858(all), eps: 0.200000
DR: 0.307064(50), 0.132863(all), eps: 0.200000
DR: 0.282502(50), 0.134697(all), eps: 0.200000
DR: 0.231460(50), 0.135772(all), eps: 0.200000
DR: 0.164410(50), 0.136419(all), eps: 0.200000
DR: 0.210704(50), 0.137225(all), eps: 0.200000
DR: 0.243104(50), 0.138677(all), eps: 0.200000
DR: 0.299857(50), 0.140387(all), eps: 0.200000
DR: 0.306299(50), 0.142365(all), eps: 0.200000
DR: 0.220950(50), 0.143181(all), eps: 0.200000
DR: 0.308893(50), 0.145207(all), eps: 0.200000
DR: 0.280185(50), 0.146578(all), eps: 0.200000
DR: 0.294178(50), 0.148370(all), eps: 0.200000
DR: 0.269560(50), 0.149576(all), eps: 0.200000
DR: 0.244186(50), 0.150589(all), eps: 0.200000
DR: 0.185621(50), 0.150931(all), eps: 0.200000
DR: 0.324806(50), 0.152944(all), eps: 0.200000
DR: 0.350894(50), 0.154835(all), eps: 0.200000
DR: 0.324663(50), 0.156655(all), eps: 0.200000
DR: 0.312230(50), 0.158112(all), eps: 0.200000
DR: 0.338792(50), 0.159704(all), eps: 0.200000
DR: 0.359576(50), 0.161539(all), eps: 0.200000
DR: 0.346417(50), 0.163280(all), eps: 0.200000
DR: 0.355611(50), 0.165012(all), eps: 0.200000
DR: 0.386403(50), 0.167196(all), eps: 0.200000
DR: 0.354058(50), 0.168848(all), eps: 0.200000
DR: 0.387888(50), 0.171148(all), eps: 0.200000
DR: 0.478864(50), 0.173819(all), eps: 0.200000
DR: 0.458496(50), 0.176450(all), eps: 0.200000
DR: 0.351054(50), 0.177938(all), eps: 0.200000
DR: 0.438295(50), 0.180408(all), eps: 0.200000
DR: 0.495231(50), 0.183044(all), eps: 0.200000
DR: 0.486788(50), 0.185747(all), eps: 0.200000
DR: 0.405376(50), 0.187555(all), eps: 0.200000
DR: 0.398860(50), 0.189288(all), eps: 0.200000
DR: 0.483437(50), 0.191667(all), eps: 0.200000
DR: 0.387602(50), 0.193439(all), eps: 0.200000
DR: 0.403846(50), 0.195112(all), eps: 0.200000
DR: 0.410841(50), 0.196950(all), eps: 0.200000
DR: 0.461237(50), 0.199017(all), eps: 0.200000
DR: 0.485872(50), 0.201380(all), eps: 0.200000
DR: 0.330418(50), 0.202373(all), eps: 0.200000
DR: 0.388005(50), 0.203955(all), eps: 0.200000
DR: 0.477793(50), 0.206029(all), eps: 0.200000
DR: 0.558849(50), 0.208673(all), eps: 0.200000
DR: 0.452161(50), 0.210488(all), eps: 0.200000
DR: 0.317346(50), 0.211675(all), eps: 0.200000
DR: 0.433302(50), 0.213301(all), eps: 0.200000
DR: 0.377517(50), 0.214831(all), eps: 0.200000
DR: 0.405293(50), 0.216208(all), eps: 0.200000
DR: 0.470016(50), 0.217894(all), eps: 0.200000
DR: 0.458099(50), 0.219605(all), eps: 0.200000
DR: 0.533862(50), 0.222211(all), eps: 0.200000
DR: 0.432017(50), 0.223683(all), eps: 0.200000
DR: 0.476557(50), 0.225315(all), eps: 0.200000
DR: 0.463855(50), 0.226965(all), eps: 0.200000
DR: 0.378864(50), 0.228234(all), eps: 0.200000
DR: 0.319606(50), 0.228856(all), eps: 0.200000
DR: 0.424317(50), 0.230164(all), eps: 0.200000
DR: 0.507844(50), 0.232030(all), eps: 0.200000
DR: 0.360821(50), 0.233012(all), eps: 0.200000
DR: 0.416545(50), 0.234228(all), eps: 0.200000
DR: 0.420373(50), 0.235906(all), eps: 0.200000
DR: 0.346870(50), 0.236631(all), eps: 0.200000
DR: 0.477922(50), 0.238163(all), eps: 0.200000
DR: 0.511002(50), 0.239922(all), eps: 0.200000
DR: 0.522482(50), 0.241611(all), eps: 0.200000
DR: 0.454275(50), 0.242964(all), eps: 0.200000
DR: 0.558361(50), 0.245166(all), eps: 0.200000
DR: 0.460006(50), 0.246515(all), eps: 0.200000
DR: 0.432298(50), 0.247902(all), eps: 0.200000
DR: 0.338821(50), 0.248465(all), eps: 0.200000
DR: 0.447076(50), 0.249643(all), eps: 0.200000
DR: 0.481809(50), 0.251063(all), eps: 0.200000
DR: 0.411508(50), 0.252192(all), eps: 0.200000
DR: 0.442476(50), 0.253341(all), eps: 0.200000
DR: 0.534831(50), 0.254912(all), eps: 0.200000
DR: 0.493168(50), 0.256333(all), eps: 0.200000
DR: 0.509257(50), 0.257853(all), eps: 0.200000
DR: 0.527163(50), 0.259439(all), eps: 0.200000
DR: 0.461245(50), 0.260921(all), eps: 0.200000
DR: 0.475346(50), 0.262168(all), eps: 0.200000
DR: 0.466886(50), 0.263457(all), eps: 0.200000
DR: 0.453010(50), 0.264546(all), eps: 0.200000
DR: 0.358118(50), 0.265264(all), eps: 0.200000
DR: 0.415813(50), 0.266119(all), eps: 0.200000
DR: 0.376630(50), 0.266866(all), eps: 0.200000
DR: 0.526325(50), 0.268322(all), eps: 0.200000
DR: 0.500878(50), 0.269986(all), eps: 0.200000
DR: 0.580784(50), 0.271709(all), eps: 0.200000
DR: 0.449994(50), 0.272978(all), eps: 0.200000
DR: 0.569794(50), 0.274605(all), eps: 0.200000
DR: 0.530606(50), 0.276100(all), eps: 0.200000
DR: 0.461308(50), 0.277104(all), eps: 0.200000
DR: 0.468819(50), 0.278230(all), eps: 0.200000
DR: 0.484934(50), 0.279337(all), eps: 0.200000
DR: 0.529727(50), 0.280796(all), eps: 0.200000
DR: 0.442378(50), 0.281653(all), eps: 0.200000
DR: 0.532517(50), 0.283148(all), eps: 0.200000
DR: 0.516317(50), 0.284370(all), eps: 0.200000
DR: 0.465641(50), 0.285508(all), eps: 0.200000
DR: 0.540357(50), 0.286829(all), eps: 0.200000
DR: 0.575386(50), 0.288400(all), eps: 0.200000
DR: 0.549582(50), 0.289740(all), eps: 0.200000
DR: 0.461532(50), 0.290695(all), eps: 0.200000
DR: 0.414122(50), 0.291321(all), eps: 0.200000
DR: 0.467485(50), 0.292554(all), eps: 0.200000
DR: 0.510413(50), 0.293648(all), eps: 0.200000
DR: 0.410583(50), 0.294567(all), eps: 0.200000
DR: 0.620187(50), 0.296185(all), eps: 0.200000
DR: 0.574832(50), 0.297909(all), eps: 0.200000
DR: 0.492374(50), 0.298865(all), eps: 0.200000
DR: 0.519971(50), 0.299849(all), eps: 0.200000
DR: 0.487412(50), 0.300761(all), eps: 0.200000
DR: 0.382133(50), 0.301233(all), eps: 0.200000
DR: 0.364120(50), 0.301536(all), eps: 0.200000
DR: 0.459625(50), 0.302480(all), eps: 0.200000
DR: 0.504595(50), 0.303444(all), eps: 0.200000
DR: 0.592315(50), 0.304931(all), eps: 0.200000
DR: 0.618990(50), 0.306414(all), eps: 0.200000
DR: 0.436044(50), 0.307348(all), eps: 0.200000
DR: 0.497924(50), 0.308239(all), eps: 0.200000
DR: 0.506599(50), 0.309314(all), eps: 0.200000
DR: 0.520814(50), 0.310293(all), eps: 0.200000
DR: 0.484865(50), 0.311204(all), eps: 0.200000
DR: 0.438055(50), 0.311786(all), eps: 0.200000
DR: 0.408382(50), 0.312274(all), eps: 0.200000
DR: 0.571907(50), 0.313452(all), eps: 0.200000
DR: 0.417238(50), 0.314051(all), eps: 0.200000
DR: 0.398277(50), 0.314430(all), eps: 0.200000
DR: 0.391739(50), 0.314878(all), eps: 0.200000
DR: 0.592918(50), 0.316117(all), eps: 0.200000
DR: 0.481728(50), 0.316946(all), eps: 0.200000
DR: 0.585563(50), 0.318132(all), eps: 0.200000
DR: 0.486992(50), 0.318895(all), eps: 0.200000
DR: 0.512889(50), 0.319743(all), eps: 0.200000
DR: 0.429228(50), 0.320271(all), eps: 0.200000
DR: 0.463982(50), 0.320894(all), eps: 0.200000
DR: 0.476682(50), 0.321528(all), eps: 0.200000
DR: 0.514887(50), 0.322359(all), eps: 0.200000
DR: 0.515842(50), 0.323299(all), eps: 0.200000
DR: 0.520070(50), 0.324136(all), eps: 0.200000
DR: 0.487158(50), 0.324728(all), eps: 0.200000
DR: 0.377576(50), 0.324951(all), eps: 0.200000
DR: 0.571759(50), 0.326203(all), eps: 0.200000
DR: 0.455277(50), 0.326742(all), eps: 0.200000
DR: 0.500919(50), 0.327547(all), eps: 0.200000
DR: 0.507863(50), 0.328295(all), eps: 0.200000
DR: 0.414550(50), 0.328651(all), eps: 0.200000
DR: 0.564768(50), 0.329622(all), eps: 0.200000
DR: 0.452002(50), 0.330376(all), eps: 0.200000
DR: 0.470588(50), 0.330948(all), eps: 0.200000
DR: 0.458011(50), 0.331588(all), eps: 0.200000
DR: 0.419424(50), 0.331943(all), eps: 0.200000
DR: 0.419611(50), 0.332423(all), eps: 0.200000
DR: 0.420259(50), 0.332774(all), eps: 0.200000
DR: 0.542159(50), 0.333876(all), eps: 0.200000
DR: 0.531457(50), 0.334661(all), eps: 0.200000
DR: 0.423895(50), 0.335183(all), eps: 0.200000
DR: 0.355812(50), 0.335265(all), eps: 0.200000
DR: 0.386955(50), 0.335576(all), eps: 0.200000
DR: 0.515729(50), 0.336280(all), eps: 0.200000
DR: 0.523004(50), 0.337187(all), eps: 0.200000
DR: 0.477133(50), 0.337729(all), eps: 0.200000
DR: 0.524955(50), 0.338409(all), eps: 0.200000
DR: 0.377942(50), 0.338561(all), eps: 0.200000
DR: 0.412460(50), 0.338881(all), eps: 0.200000
DR: 0.415861(50), 0.339174(all), eps: 0.200000
DR: 0.509003(50), 0.339776(all), eps: 0.200000
DR: 0.475892(50), 0.340291(all), eps: 0.200000
DR: 0.501284(50), 0.340921(all), eps: 0.200000
DR: 0.534452(50), 0.341647(all), eps: 0.200000
DR: 0.442987(50), 0.342180(all), eps: 0.200000
DR: 0.441244(50), 0.342549(all), eps: 0.200000
DR: 0.522126(50), 0.343328(all), eps: 0.200000
DR: 0.533077(50), 0.344029(all), eps: 0.200000
DR: 0.507510(50), 0.344724(all), eps: 0.200000
DR: 0.457954(50), 0.345139(all), eps: 0.200000
DR: 0.521351(50), 0.345976(all), eps: 0.200000
DR: 0.565997(50), 0.346776(all), eps: 0.200000
DR: 0.501669(50), 0.347574(all), eps: 0.200000
DR: 0.530704(50), 0.348236(all), eps: 0.200000
DR: 0.444372(50), 0.348744(all), eps: 0.200000
DR: 0.599368(50), 0.349642(all), eps: 0.200000
DR: 0.535502(50), 0.350440(all), eps: 0.200000
DR: 0.473492(50), 0.350877(all), eps: 0.200000
DR: 0.542093(50), 0.351505(all), eps: 0.200000
DR: 0.532057(50), 0.352143(all), eps: 0.200000
DR: 0.531636(50), 0.352890(all), eps: 0.200000
DR: 0.579461(50), 0.353684(all), eps: 0.200000
DR: 0.500350(50), 0.354361(all), eps: 0.200000
DR: 0.567062(50), 0.355101(all), eps: 0.200000
DR: 0.464426(50), 0.355574(all), eps: 0.200000
DR: 0.640149(50), 0.356557(all), eps: 0.200000
DR: 0.663942(50), 0.357762(all), eps: 0.200000
DR: 0.548056(50), 0.358414(all), eps: 0.200000
DR: 0.605791(50), 0.359352(all), eps: 0.200000
DR: 0.549254(50), 0.359999(all), eps: 0.200000
DR: 0.421828(50), 0.360208(all), eps: 0.200000
DR: 0.583950(50), 0.360964(all), eps: 0.200000
DR: 0.529334(50), 0.361493(all), eps: 0.200000
DR: 0.495388(50), 0.361942(all), eps: 0.200000
DR: 0.703811(50), 0.363232(all), eps: 0.200000
DR: 0.555377(50), 0.363872(all), eps: 0.200000
DR: 0.608150(50), 0.364875(all), eps: 0.200000
DR: 0.624533(50), 0.365734(all), eps: 0.200000
DR: 0.707078(50), 0.366991(all), eps: 0.200000
DR: 0.502823(50), 0.367437(all), eps: 0.200000
DR: 0.661313(50), 0.368366(all), eps: 0.200000
DR: 0.720554(50), 0.369516(all), eps: 0.200000
DR: 0.577849(50), 0.370399(all), eps: 0.200000
DR: 0.748393(50), 0.371624(all), eps: 0.200000
DR: 0.643258(50), 0.372705(all), eps: 0.200000
DR: 0.636371(50), 0.373554(all), eps: 0.200000
DR: 0.687375(50), 0.374702(all), eps: 0.200000
DR: 0.645102(50), 0.375567(all), eps: 0.200000
DR: 0.611481(50), 0.376392(all), eps: 0.200000
DR: 0.668227(50), 0.377319(all), eps: 0.200000
DR: 0.592827(50), 0.378072(all), eps: 0.200000
DR: 0.396604(50), 0.378130(all), eps: 0.200000
DR: 0.619488(50), 0.379018(all), eps: 0.200000
DR: 0.598127(50), 0.379705(all), eps: 0.200000
DR: 0.767469(50), 0.380986(all), eps: 0.200000
DR: 0.628919(50), 0.381758(all), eps: 0.200000
DR: 0.518573(50), 0.382317(all), eps: 0.200000
DR: 0.600847(50), 0.382993(all), eps: 0.200000
DR: 0.688309(50), 0.384063(all), eps: 0.200000
DR: 0.601130(50), 0.384731(all), eps: 0.200000
DR: 0.587978(50), 0.385542(all), eps: 0.200000
DR: 0.551234(50), 0.386048(all), eps: 0.200000
DR: 0.682937(50), 0.387139(all), eps: 0.200000
DR: 0.654337(50), 0.387950(all), eps: 0.200000
DR: 0.562966(50), 0.388656(all), eps: 0.200000
DR: 0.601234(50), 0.389297(all), eps: 0.200000
DR: 0.535937(50), 0.389669(all), eps: 0.200000
DR: 0.534077(50), 0.390102(all), eps: 0.200000
DR: 0.677323(50), 0.391114(all), eps: 0.200000
DR: 0.632044(50), 0.391832(all), eps: 0.200000
DR: 0.647704(50), 0.392772(all), eps: 0.200000
DR: 0.715864(50), 0.393728(all), eps: 0.200000
DR: 0.654985(50), 0.394619(all), eps: 0.200000
DR: 0.656750(50), 0.395390(all), eps: 0.200000
DR: 0.685283(50), 0.396359(all), eps: 0.200000
DR: 0.611922(50), 0.396989(all), eps: 0.200000
DR: 0.564515(50), 0.397653(all), eps: 0.200000
DR: 0.625281(50), 0.398315(all), eps: 0.200000
DR: 0.712164(50), 0.399388(all), eps: 0.200000
DR: 0.712785(50), 0.400293(all), eps: 0.200000
DR: 0.637853(50), 0.401150(all), eps: 0.200000
DR: 0.735128(50), 0.402109(all), eps: 0.200000
DR: 0.632031(50), 0.402938(all), eps: 0.200000
DR: 0.634773(50), 0.403599(all), eps: 0.200000
DR: 0.632553(50), 0.404420(all), eps: 0.200000
DR: 0.573675(50), 0.404900(all), eps: 0.200000
DR: 0.637238(50), 0.405726(all), eps: 0.200000
DR: 0.624840(50), 0.406344(all), eps: 0.200000
DR: 0.633492(50), 0.407149(all), eps: 0.200000
DR: 0.629318(50), 0.407772(all), eps: 0.200000
DR: 0.745960(50), 0.408775(all), eps: 0.200000
DR: 0.592468(50), 0.409286(all), eps: 0.200000
DR: 0.643745(50), 0.409943(all), eps: 0.200000
DR: 0.616769(50), 0.410516(all), eps: 0.200000
DR: 0.550286(50), 0.411023(all), eps: 0.200000
DR: 0.679881(50), 0.411764(all), eps: 0.200000
DR: 0.666391(50), 0.412575(all), eps: 0.200000
DR: 0.648827(50), 0.413222(all), eps: 0.200000
DR: 0.508477(50), 0.413621(all), eps: 0.200000
DR: 0.593484(50), 0.414111(all), eps: 0.200000
DR: 0.639160(50), 0.414881(all), eps: 0.200000
DR: 0.580497(50), 0.415329(all), eps: 0.200000
DR: 0.571703(50), 0.415903(all), eps: 0.200000
DR: 0.627108(50), 0.416472(all), eps: 0.200000
DR: 0.538055(50), 0.416901(all), eps: 0.200000
DR: 0.581406(50), 0.417341(all), eps: 0.200000
DR: 0.651362(50), 0.418041(all), eps: 0.200000
DR: 0.571980(50), 0.418451(all), eps: 0.200000
DR: 0.568546(50), 0.419004(all), eps: 0.200000
DR: 0.558463(50), 0.419373(all), eps: 0.200000
DR: 0.625722(50), 0.419966(all), eps: 0.200000
DR: 0.594234(50), 0.420424(all), eps: 0.200000
DR: 0.739194(50), 0.421413(all), eps: 0.200000
DR: 0.681624(50), 0.422095(all), eps: 0.200000
DR: 0.680328(50), 0.422920(all), eps: 0.200000
DR: 0.592491(50), 0.423361(all), eps: 0.200000
DR: 0.586812(50), 0.423880(all), eps: 0.200000
DR: 0.610730(50), 0.424364(all), eps: 0.200000
DR: 0.525162(50), 0.424743(all), eps: 0.200000
DR: 0.715264(50), 0.425491(all), eps: 0.200000
DR: 0.705248(50), 0.426358(all), eps: 0.200000
DR: 0.542831(50), 0.426656(all), eps: 0.200000
DR: 0.678226(50), 0.427274(all), eps: 0.200000
DR: 0.614000(50), 0.427750(all), eps: 0.200000
DR: 0.620469(50), 0.428385(all), eps: 0.200000
DR: 0.577813(50), 0.428763(all), eps: 0.200000
DR: 0.565714(50), 0.429117(all), eps: 0.200000
DR: 0.595172(50), 0.429535(all), eps: 0.200000
DR: 0.531823(50), 0.429858(all), eps: 0.200000
DR: 0.625418(50), 0.430349(all), eps: 0.200000
DR: 0.621757(50), 0.430970(all), eps: 0.200000
DR: 0.535696(50), 0.431231(all), eps: 0.200000
DR: 0.642840(50), 0.431726(all), eps: 0.200000
DR: 0.716089(50), 0.432432(all), eps: 0.200000
DR: 0.553829(50), 0.432738(all), eps: 0.200000
DR: 0.718110(50), 0.433443(all), eps: 0.200000
DR: 0.668966(50), 0.433965(all), eps: 0.200000
DR: 0.591972(50), 0.434353(all), eps: 0.200000
DR: 0.708739(50), 0.435164(all), eps: 0.200000
DR: 0.546693(50), 0.435437(all), eps: 0.200000
DR: 0.541303(50), 0.435755(all), eps: 0.200000
DR: 0.592259(50), 0.436135(all), eps: 0.200000
DR: 0.726628(50), 0.436907(all), eps: 0.200000
DR: 0.646232(50), 0.437413(all), eps: 0.200000
DR: 0.583587(50), 0.437705(all), eps: 0.200000
DR: 0.579095(50), 0.438045(all), eps: 0.200000
DR: 0.603556(50), 0.438457(all), eps: 0.200000
DR: 0.622266(50), 0.438897(all), eps: 0.200000
DR: 0.635764(50), 0.439501(all), eps: 0.200000
DR: 0.628195(50), 0.439950(all), eps: 0.200000
DR: 0.628765(50), 0.440487(all), eps: 0.200000
DR: 0.643388(50), 0.440968(all), eps: 0.200000
DR: 0.643534(50), 0.441535(all), eps: 0.200000
DR: 0.690827(50), 0.442124(all), eps: 0.200000
DR: 0.652391(50), 0.442712(all), eps: 0.200000
DR: 0.661276(50), 0.443225(all), eps: 0.200000
DR: 0.634849(50), 0.443751(all), eps: 0.200000
DR: 0.546197(50), 0.443991(all), eps: 0.200000
DR: 0.679937(50), 0.444617(all), eps: 0.200000
DR: 0.585167(50), 0.444944(all), eps: 0.200000
DR: 0.665454(50), 0.445584(all), eps: 0.200000
DR: 0.658109(50), 0.446075(all), eps: 0.200000
DR: 0.642217(50), 0.446656(all), eps: 0.200000
DR: 0.677987(50), 0.447188(all), eps: 0.200000
DR: 0.683166(50), 0.447768(all), eps: 0.200000
DR: 0.549946(50), 0.448003(all), eps: 0.200000
DR: 0.662220(50), 0.448608(all), eps: 0.200000
DR: 0.641759(50), 0.449049(all), eps: 0.200000
DR: 0.653302(50), 0.449566(all), eps: 0.200000
DR: 0.674113(50), 0.450075(all), eps: 0.200000
DR: 0.697160(50), 0.450754(all), eps: 0.200000
DR: 0.672717(50), 0.451255(all), eps: 0.200000
DR: 0.725100(50), 0.451963(all), eps: 0.200000
DR: 0.643571(50), 0.452394(all), eps: 0.200000
DR: 0.652524(50), 0.452965(all), eps: 0.200000
DR: 0.698471(50), 0.453514(all), eps: 0.200000
DR: 0.588279(50), 0.453937(all), eps: 0.200000
DR: 0.739739(50), 0.454573(all), eps: 0.200000
DR: 0.688405(50), 0.455170(all), eps: 0.200000
DR: 0.670507(50), 0.455647(all), eps: 0.200000
DR: 0.565845(50), 0.456011(all), eps: 0.200000
DR: 0.633552(50), 0.456402(all), eps: 0.200000
DR: 0.612448(50), 0.456794(all), eps: 0.200000
DR: 0.631087(50), 0.457177(all), eps: 0.200000
DR: 0.668149(50), 0.457683(all), eps: 0.200000
DR: 0.783329(50), 0.458394(all), eps: 0.200000
DR: 0.592862(50), 0.458678(all), eps: 0.200000
DR: 0.609796(50), 0.459006(all), eps: 0.200000
DR: 0.673945(50), 0.459590(all), eps: 0.200000
DR: 0.672335(50), 0.460051(all), eps: 0.200000
DR: 0.710038(50), 0.460708(all), eps: 0.200000
DR: 0.580328(50), 0.460966(all), eps: 0.200000
DR: 0.601912(50), 0.461342(all), eps: 0.200000
DR: 0.534079(50), 0.461498(all), eps: 0.200000
DR: 0.573146(50), 0.461838(all), eps: 0.200000
DR: 0.547468(50), 0.462021(all), eps: 0.200000
DR: 0.681003(50), 0.462527(all), eps: 0.200000
DR: 0.567702(50), 0.462751(all), eps: 0.200000
DR: 0.666067(50), 0.463142(all), eps: 0.200000
DR: 0.674526(50), 0.463589(all), eps: 0.200000
DR: 0.518016(50), 0.463776(all), eps: 0.200000
DR: 0.621146(50), 0.464107(all), eps: 0.200000
DR: 0.675802(50), 0.464623(all), eps: 0.200000
DR: 0.591935(50), 0.464890(all), eps: 0.200000
DR: 0.648965(50), 0.465311(all), eps: 0.200000
DR: 0.691531(50), 0.465784(all), eps: 0.200000
DR: 0.654800(50), 0.466266(all), eps: 0.200000
DR: 0.635456(50), 0.466618(all), eps: 0.200000
DR: 0.577651(50), 0.466918(all), eps: 0.200000
DR: 0.684090(50), 0.467368(all), eps: 0.200000
DR: 0.557851(50), 0.467623(all), eps: 0.200000
DR: 0.481192(50), 0.467651(all), eps: 0.200000
DR: 0.705221(50), 0.468211(all), eps: 0.200000
DR: 0.630926(50), 0.468546(all), eps: 0.200000
DR: 0.614855(50), 0.468954(all), eps: 0.200000
DR: 0.629840(50), 0.469283(all), eps: 0.200000
DR: 0.723982(50), 0.469911(all), eps: 0.200000
DR: 0.622315(50), 0.470222(all), eps: 0.200000
DR: 0.617179(50), 0.470527(all), eps: 0.200000
DR: 0.735700(50), 0.471064(all), eps: 0.200000
DR: 0.683921(50), 0.471602(all), eps: 0.200000
DR: 0.544656(50), 0.471749(all), eps: 0.200000
DR: 0.522397(50), 0.471930(all), eps: 0.200000
DR: 0.557571(50), 0.472102(all), eps: 0.200000
DR: 0.653320(50), 0.472571(all), eps: 0.200000
DR: 0.583082(50), 0.472793(all), eps: 0.200000
DR: 0.626568(50), 0.473152(all), eps: 0.200000
DR: 0.657878(50), 0.473520(all), eps: 0.200000
DR: 0.659463(50), 0.473986(all), eps: 0.200000
DR: 0.687115(50), 0.474409(all), eps: 0.200000
DR: 0.706373(50), 0.474936(all), eps: 0.200000
DR: 0.634488(50), 0.475251(all), eps: 0.200000
DR: 0.631761(50), 0.475513(all), eps: 0.200000
DR: 0.621938(50), 0.475801(all), eps: 0.200000
DR: 0.578340(50), 0.476106(all), eps: 0.200000
DR: 0.623647(50), 0.476395(all), eps: 0.200000
DR: 0.574912(50), 0.476651(all), eps: 0.200000
DR: 0.575513(50), 0.476844(all), eps: 0.200000
DR: 0.689321(50), 0.477312(all), eps: 0.200000
DR: 0.548733(50), 0.477451(all), eps: 0.200000
DR: 0.707435(50), 0.477960(all), eps: 0.200000
DR: 0.535819(50), 0.478072(all), eps: 0.200000
DR: 0.574978(50), 0.478181(all), eps: 0.200000
DR: 0.648951(50), 0.478511(all), eps: 0.200000
DR: 0.714061(50), 0.479031(all), eps: 0.200000
DR: 0.486967(50), 0.479046(all), eps: 0.200000
DR: 0.659488(50), 0.479477(all), eps: 0.200000
DR: 0.709237(50), 0.479917(all), eps: 0.200000
DR: 0.595151(50), 0.480187(all), eps: 0.200000
DR: 0.638017(50), 0.480488(all), eps: 0.200000
DR: 0.744825(50), 0.481090(all), eps: 0.200000
DR: 0.716992(50), 0.481538(all), eps: 0.200000
DR: 0.540547(50), 0.481711(all), eps: 0.200000
DR: 0.645185(50), 0.482020(all), eps: 0.200000
DR: 0.660768(50), 0.482417(all), eps: 0.200000
DR: 0.690386(50), 0.482809(all), eps: 0.200000
DR: 0.722546(50), 0.483276(all), eps: 0.200000
DR: 0.583737(50), 0.483464(all), eps: 0.200000
DR: 0.501176(50), 0.483583(all), eps: 0.200000
DR: 0.625350(50), 0.483848(all), eps: 0.200000
DR: 0.617352(50), 0.484054(all), eps: 0.200000
DR: 0.555050(50), 0.484186(all), eps: 0.200000
DR: 0.630990(50), 0.484512(all), eps: 0.200000
DR: 0.784328(50), 0.485067(all), eps: 0.200000
DR: 0.622267(50), 0.485380(all), eps: 0.200000
DR: 0.587678(50), 0.485568(all), eps: 0.200000
DR: 0.581256(50), 0.485834(all), eps: 0.200000
DR: 0.559692(50), 0.485970(all), eps: 0.200000
DR: 0.647800(50), 0.486334(all), eps: 0.200000
DR: 0.655830(50), 0.486645(all), eps: 0.200000
DR: 0.624206(50), 0.486990(all), eps: 0.200000
DR: 0.637306(50), 0.487265(all), eps: 0.200000
DR: 0.526770(50), 0.487417(all), eps: 0.200000
DR: 0.671383(50), 0.487752(all), eps: 0.200000
DR: 0.601737(50), 0.487985(all), eps: 0.200000
DR: 0.653013(50), 0.488284(all), eps: 0.200000
DR: 0.610714(50), 0.488581(all), eps: 0.200000
DR: 0.615992(50), 0.488811(all), eps: 0.200000
DR: 0.652908(50), 0.489169(all), eps: 0.200000
DR: 0.622294(50), 0.489409(all), eps: 0.200000
DR: 0.658363(50), 0.489725(all), eps: 0.200000
DR: 0.631924(50), 0.489980(all), eps: 0.200000
DR: 0.639797(50), 0.490339(all), eps: 0.200000
DR: 0.626444(50), 0.490582(all), eps: 0.200000
DR: 0.660927(50), 0.490939(all), eps: 0.200000
DR: 0.533156(50), 0.491014(all), eps: 0.200000
DR: 0.547077(50), 0.491042(all), eps: 0.200000
DR: 0.558695(50), 0.491162(all), eps: 0.200000
DR: 0.640688(50), 0.491516(all), eps: 0.200000
DR: 0.583553(50), 0.491678(all), eps: 0.200000
DR: 0.620658(50), 0.491967(all), eps: 0.200000
DR: 0.689312(50), 0.492314(all), eps: 0.200000
DR: 0.573046(50), 0.492523(all), eps: 0.200000
DR: 0.471916(50), 0.492487(all), eps: 0.200000
DR: 0.644964(50), 0.492840(all), eps: 0.200000
DR: 0.669333(50), 0.493148(all), eps: 0.200000
DR: 0.700482(50), 0.493563(all), eps: 0.200000
DR: 0.639672(50), 0.493817(all), eps: 0.200000
DR: 0.647760(50), 0.494102(all), eps: 0.200000
DR: 0.552964(50), 0.494204(all), eps: 0.200000
DR: 0.595248(50), 0.494466(all), eps: 0.200000
DR: 0.606026(50), 0.494659(all), eps: 0.200000
DR: 0.677841(50), 0.495062(all), eps: 0.200000
DR: 0.605084(50), 0.495251(all), eps: 0.200000
DR: 0.480793(50), 0.495313(all), eps: 0.200000
DR: 0.508441(50), 0.495335(all), eps: 0.200000
DR: 0.607910(50), 0.495483(all), eps: 0.200000
DR: 0.682964(50), 0.495803(all), eps: 0.200000
DR: 0.648917(50), 0.496103(all), eps: 0.200000
DR: 0.636088(50), 0.496341(all), eps: 0.200000
DR: 0.637401(50), 0.496645(all), eps: 0.200000
DR: 0.610793(50), 0.496838(all), eps: 0.200000
DR: 0.667056(50), 0.497194(all), eps: 0.200000
DR: 0.557992(50), 0.497296(all), eps: 0.200000
DR: 0.698305(50), 0.497625(all), eps: 0.200000
DR: 0.631021(50), 0.497850(all), eps: 0.200000
DR: 0.635291(50), 0.498092(all), eps: 0.200000
DR: 0.562424(50), 0.498200(all), eps: 0.200000
DR: 0.652292(50), 0.498542(all), eps: 0.200000
DR: 0.625205(50), 0.498753(all), eps: 0.200000
DR: 0.632904(50), 0.498997(all), eps: 0.200000
DR: 0.681703(50), 0.499301(all), eps: 0.200000
DR: 0.595949(50), 0.499545(all), eps: 0.200000
DR: 0.602551(50), 0.499716(all), eps: 0.200000
DR: 0.595518(50), 0.499873(all), eps: 0.200000
DR: 0.604462(50), 0.500046(all), eps: 0.200000
DR: 0.611092(50), 0.500301(all), eps: 0.200000
DR: 0.667620(50), 0.500576(all), eps: 0.200000
DR: 0.641581(50), 0.500891(all), eps: 0.200000
DR: 0.691264(50), 0.501203(all), eps: 0.200000
DR: 0.710510(50), 0.501589(all), eps: 0.200000
DR: 0.586831(50), 0.501728(all), eps: 0.200000
DR: 0.699380(50), 0.502105(all), eps: 0.200000
DR: 0.807805(50), 0.502603(all), eps: 0.200000
DR: 0.640493(50), 0.502876(all), eps: 0.200000
DR: 0.575336(50), 0.502994(all), eps: 0.200000
DR: 0.533837(50), 0.503125(all), eps: 0.200000
DR: 0.672595(50), 0.503399(all), eps: 0.200000
DR: 0.705743(50), 0.503771(all), eps: 0.200000
DR: 0.660933(50), 0.504024(all), eps: 0.200000
DR: 0.605275(50), 0.504268(all), eps: 0.200000
DR: 0.739673(50), 0.504646(all), eps: 0.200000
DR: 0.721043(50), 0.505074(all), eps: 0.200000
DR: 0.549123(50), 0.505144(all), eps: 0.200000
DR: 0.526805(50), 0.505248(all), eps: 0.200000
DR: 0.581127(50), 0.505369(all), eps: 0.200000
DR: 0.684035(50), 0.505706(all), eps: 0.200000
DR: 0.698751(50), 0.506014(all), eps: 0.200000
DR: 0.709716(50), 0.506416(all), eps: 0.200000
DR: 0.670279(50), 0.506676(all), eps: 0.200000
DR: 0.548989(50), 0.506784(all), eps: 0.200000
DR: 0.589104(50), 0.506914(all), eps: 0.200000
DR: 0.641911(50), 0.507188(all), eps: 0.200000
DR: 0.631084(50), 0.507383(all), eps: 0.200000
DR: 0.558242(50), 0.507541(all), eps: 0.200000
DR: 0.706633(50), 0.507854(all), eps: 0.200000
DR: 0.627018(50), 0.508084(all), eps: 0.200000
DR: 0.613067(50), 0.508249(all), eps: 0.200000
DR: 0.633674(50), 0.508522(all), eps: 0.200000
DR: 0.659363(50), 0.508758(all), eps: 0.200000
DR: 0.562452(50), 0.508899(all), eps: 0.200000
DR: 0.655829(50), 0.509128(all), eps: 0.200000
DR: 0.683196(50), 0.509465(all), eps: 0.200000
DR: 0.713552(50), 0.509782(all), eps: 0.200000
DR: 0.518459(50), 0.509726(all), eps: 0.200000
DR: 0.595747(50), 0.509859(all), eps: 0.200000
DR: 0.656686(50), 0.510101(all), eps: 0.200000
DR: 0.575031(50), 0.510201(all), eps: 0.200000
DR: 0.645648(50), 0.510433(all), eps: 0.200000
DR: 0.708629(50), 0.510738(all), eps: 0.200000
DR: 0.653945(50), 0.511033(all), eps: 0.200000
DR: 0.587438(50), 0.511150(all), eps: 0.200000
DR: 0.615450(50), 0.511384(all), eps: 0.200000
DR: 0.680690(50), 0.511643(all), eps: 0.200000
DR: 0.629687(50), 0.511893(all), eps: 0.200000
DR: 0.736024(50), 0.512234(all), eps: 0.200000
DR: 0.733303(50), 0.512597(all), eps: 0.200000
DR: 0.591750(50), 0.512717(all), eps: 0.200000
DR: 0.668010(50), 0.513026(all), eps: 0.200000
DR: 0.630742(50), 0.513204(all), eps: 0.200000
DR: 0.703239(50), 0.513534(all), eps: 0.200000
DR: 0.685409(50), 0.513793(all), eps: 0.200000
DR: 0.570825(50), 0.513945(all), eps: 0.200000
DR: 0.625612(50), 0.514113(all), eps: 0.200000
DR: 0.558865(50), 0.514226(all), eps: 0.200000
DR: 0.580056(50), 0.514325(all), eps: 0.200000
DR: 0.585038(50), 0.514427(all), eps: 0.200000
DR: 0.487937(50), 0.514388(all), eps: 0.200000
DR: 0.577690(50), 0.514465(all), eps: 0.200000
DR: 0.624096(50), 0.514628(all), eps: 0.200000
DR: 0.679661(50), 0.514914(all), eps: 0.200000
DR: 0.557298(50), 0.514977(all), eps: 0.200000
DR: 0.575558(50), 0.515136(all), eps: 0.200000
DR: 0.718553(50), 0.515437(all), eps: 0.200000
DR: 0.647711(50), 0.515696(all), eps: 0.200000
DR: 0.695168(50), 0.515960(all), eps: 0.200000
DR: 0.687908(50), 0.516283(all), eps: 0.200000
DR: 0.676209(50), 0.516518(all), eps: 0.200000
DR: 0.619915(50), 0.516733(all), eps: 0.200000
DR: 0.656971(50), 0.516939(all), eps: 0.200000
DR: 0.651834(50), 0.517194(all), eps: 0.200000
DR: 0.737536(50), 0.517516(all), eps: 0.200000
DR: 0.556895(50), 0.517545(all), eps: 0.200000
DR: 0.553316(50), 0.517598(all), eps: 0.200000
DR: 0.711390(50), 0.517947(all), eps: 0.200000
DR: 0.590513(50), 0.518053(all), eps: 0.200000
DR: 0.618194(50), 0.518239(all), eps: 0.200000
DR: 0.618111(50), 0.518383(all), eps: 0.200000
DR: 0.482731(50), 0.518402(all), eps: 0.200000
DR: 0.589506(50), 0.518504(all), eps: 0.200000
DR: 0.574049(50), 0.518625(all), eps: 0.200000
DR: 0.703211(50), 0.518890(all), eps: 0.200000
DR: 0.595180(50), 0.519027(all), eps: 0.200000
DR: 0.651996(50), 0.519217(all), eps: 0.200000
DR: 0.680011(50), 0.519517(all), eps: 0.200000
DR: 0.697689(50), 0.519771(all), eps: 0.200000
DR: 0.696196(50), 0.520064(all), eps: 0.200000
DR: 0.558000(50), 0.520118(all), eps: 0.200000
DR: 0.563206(50), 0.520246(all), eps: 0.200000
DR: 0.622924(50), 0.520392(all), eps: 0.200000
DR: 0.686898(50), 0.520612(all), eps: 0.200000
DR: 0.630224(50), 0.520768(all), eps: 0.200000
DR: 0.752864(50), 0.521130(all), eps: 0.200000
DR: 0.696541(50), 0.521378(all), eps: 0.200000
DR: 0.647851(50), 0.521610(all), eps: 0.200000
DR: 0.668984(50), 0.521817(all), eps: 0.200000
DR: 0.725596(50), 0.522171(all), eps: 0.200000
DR: 0.582305(50), 0.522256(all), eps: 0.200000
DR: 0.620395(50), 0.522432(all), eps: 0.200000
DR: 0.719507(50), 0.522708(all), eps: 0.200000
DR: 0.660022(50), 0.522951(all), eps: 0.200000
DR: 0.689283(50), 0.523183(all), eps: 0.200000
DR: 0.644372(50), 0.523354(all), eps: 0.200000
DR: 0.701769(50), 0.523603(all), eps: 0.200000
DR: 0.686172(50), 0.523895(all), eps: 0.200000
DR: 0.590448(50), 0.523988(all), eps: 0.200000
DR: 0.698018(50), 0.524246(all), eps: 0.200000
DR: 0.720902(50), 0.524518(all), eps: 0.200000
DR: 0.779227(50), 0.524882(all), eps: 0.200000
DR: 0.552882(50), 0.524921(all), eps: 0.200000
DR: 0.551631(50), 0.525023(all), eps: 0.200000
DR: 0.620230(50), 0.525154(all), eps: 0.200000
DR: 0.602891(50), 0.525306(all), eps: 0.200000
DR: 0.771723(50), 0.525645(all), eps: 0.200000
DR: 0.649975(50), 0.525880(all), eps: 0.200000
DR: 0.603829(50), 0.525987(all), eps: 0.200000
DR: 0.630334(50), 0.526140(all), eps: 0.200000
DR: 0.681112(50), 0.526351(all), eps: 0.200000
DR: 0.690684(50), 0.526532(all), eps: 0.200000
DR: 0.559051(50), 0.526577(all), eps: 0.200000
DR: 0.626663(50), 0.526723(all), eps: 0.200000
DR: 0.699674(50), 0.526957(all), eps: 0.200000
DR: 0.557472(50), 0.527063(all), eps: 0.200000
DR: 0.700204(50), 0.527297(all), eps: 0.200000
DR: 0.642303(50), 0.527478(all), eps: 0.200000
DR: 0.746089(50), 0.527773(all), eps: 0.200000
DR: 0.600710(50), 0.527843(all), eps: 0.200000
DR: 0.588257(50), 0.527925(all), eps: 0.200000
DR: 0.596794(50), 0.528055(all), eps: 0.200000
DR: 0.671379(50), 0.528248(all), eps: 0.200000
DR: 0.619277(50), 0.528348(all), eps: 0.200000
DR: 0.677853(50), 0.528548(all), eps: 0.200000
DR: 0.766881(50), 0.528921(all), eps: 0.200000
DR: 0.643843(50), 0.529074(all), eps: 0.200000
DR: 0.553218(50), 0.529145(all), eps: 0.200000
DR: 0.601486(50), 0.529241(all), eps: 0.200000
DR: 0.680945(50), 0.529505(all), eps: 0.200000
DR: 0.602620(50), 0.529602(all), eps: 0.200000
DR: 0.722112(50), 0.529915(all), eps: 0.200000
DR: 0.642798(50), 0.530064(all), eps: 0.200000
DR: 0.722443(50), 0.530350(all), eps: 0.200000
DR: 0.642251(50), 0.530498(all), eps: 0.200000
DR: 0.717918(50), 0.530772(all), eps: 0.200000
DR: 0.680534(50), 0.530969(all), eps: 0.200000
DR: 0.690174(50), 0.531187(all), eps: 0.200000
DR: 0.578484(50), 0.531249(all), eps: 0.200000
DR: 0.624362(50), 0.531401(all), eps: 0.200000
DR: 0.551323(50), 0.531427(all), eps: 0.200000
DR: 0.573616(50), 0.531493(all), eps: 0.200000
DR: 0.561706(50), 0.531533(all), eps: 0.200000
DR: 0.663542(50), 0.531740(all), eps: 0.200000
DR: 0.560615(50), 0.531777(all), eps: 0.200000
DR: 0.671096(50), 0.531993(all), eps: 0.200000
DR: 0.706357(50), 0.532220(all), eps: 0.200000
DR: 0.591247(50), 0.532327(all), eps: 0.200000
DR: 0.843413(50), 0.532730(all), eps: 0.200000
DR: 0.687000(50), 0.532964(all), eps: 0.200000
DR: 0.588315(50), 0.533035(all), eps: 0.200000
DR: 0.635820(50), 0.533228(all), eps: 0.200000
DR: 0.612355(50), 0.533330(all), eps: 0.200000
DR: 0.519202(50), 0.533357(all), eps: 0.200000
DR: 0.666325(50), 0.533528(all), eps: 0.200000
DR: 0.676877(50), 0.533762(all), eps: 0.200000
DR: 0.657313(50), 0.533921(all), eps: 0.200000
DR: 0.688854(50), 0.534177(all), eps: 0.200000
DR: 0.720961(50), 0.534415(all), eps: 0.200000
DR: 0.721723(50), 0.534693(all), eps: 0.200000
DR: 0.661551(50), 0.534854(all), eps: 0.200000
DR: 0.709590(50), 0.535123(all), eps: 0.200000
DR: 0.774088(50), 0.535427(all), eps: 0.200000
DR: 0.708861(50), 0.535686(all), eps: 0.200000
DR: 0.661384(50), 0.535845(all), eps: 0.200000
DR: 0.715068(50), 0.536078(all), eps: 0.200000
DR: 0.707258(50), 0.536294(all), eps: 0.200000
DR: 0.718721(50), 0.536543(all), eps: 0.200000
DR: 0.760772(50), 0.536826(all), eps: 0.200000
DR: 0.602442(50), 0.536958(all), eps: 0.200000
DR: 0.492329(50), 0.536902(all), eps: 0.200000
DR: 0.543396(50), 0.536936(all), eps: 0.200000
DR: 0.690613(50), 0.537129(all), eps: 0.200000
DR: 0.665796(50), 0.537331(all), eps: 0.200000
DR: 0.692864(50), 0.537525(all), eps: 0.200000
DR: 0.584567(50), 0.537642(all), eps: 0.200000
DR: 0.428620(50), 0.537506(all), eps: 0.200000
DR: 0.713295(50), 0.537737(all), eps: 0.200000
DR: 0.690571(50), 0.537927(all), eps: 0.200000
DR: 0.735480(50), 0.538202(all), eps: 0.200000
DR: 0.668185(50), 0.538363(all), eps: 0.200000
DR: 0.599751(50), 0.538484(all), eps: 0.200000
DR: 0.610591(50), 0.538573(all), eps: 0.200000
DR: 0.653425(50), 0.538720(all), eps: 0.200000
DR: 0.611782(50), 0.538810(all), eps: 0.200000
DR: 0.585438(50), 0.538888(all), eps: 0.200000
DR: 0.645900(50), 0.539020(all), eps: 0.200000
DR: 0.708895(50), 0.539262(all), eps: 0.200000
DR: 0.678141(50), 0.539432(all), eps: 0.200000
DR: 0.529350(50), 0.539451(all), eps: 0.200000
DR: 0.674597(50), 0.539617(all), eps: 0.200000
DR: 0.588826(50), 0.539711(all), eps: 0.200000
DR: 0.689099(50), 0.539893(all), eps: 0.200000
DR: 0.647634(50), 0.540081(all), eps: 0.200000
DR: 0.583568(50), 0.540134(all), eps: 0.200000
DR: 0.516015(50), 0.540157(all), eps: 0.200000
DR: 0.736310(50), 0.540396(all), eps: 0.200000
DR: 0.667383(50), 0.540598(all), eps: 0.200000
DR: 0.604750(50), 0.540676(all), eps: 0.200000
DR: 0.716866(50), 0.540923(all), eps: 0.200000
DR: 0.622682(50), 0.541021(all), eps: 0.200000
DR: 0.695445(50), 0.541257(all), eps: 0.200000
DR: 0.617492(50), 0.541349(all), eps: 0.200000
DR: 0.694341(50), 0.541568(all), eps: 0.200000
DR: 0.786272(50), 0.541862(all), eps: 0.200000
DR: 0.638944(50), 0.542007(all), eps: 0.200000
DR: 0.628354(50), 0.542110(all), eps: 0.200000
DR: 0.687600(50), 0.542301(all), eps: 0.200000
DR: 0.629981(50), 0.542406(all), eps: 0.200000
DR: 0.614976(50), 0.542516(all), eps: 0.200000
DR: 0.693382(50), 0.542696(all), eps: 0.200000
DR: 0.665122(50), 0.542888(all), eps: 0.200000
DR: 0.647774(50), 0.543013(all), eps: 0.200000
DR: 0.595056(50), 0.543117(all), eps: 0.200000
DR: 0.797227(50), 0.543419(all), eps: 0.200000
DR: 0.696123(50), 0.543629(all), eps: 0.200000
DR: 0.705978(50), 0.543821(all), eps: 0.200000
DR: 0.682414(50), 0.544029(all), eps: 0.200000
DR: 0.746213(50), 0.544268(all), eps: 0.200000
DR: 0.683619(50), 0.544456(all), eps: 0.200000
DR: 0.676260(50), 0.544612(all), eps: 0.200000
DR: 0.668655(50), 0.544759(all), eps: 0.200000
DR: 0.683127(50), 0.544922(all), eps: 0.200000
DR: 0.591396(50), 0.545021(all), eps: 0.200000
DR: 0.628394(50), 0.545119(all), eps: 0.200000
DR: 0.593540(50), 0.545186(all), eps: 0.200000
DR: 0.763678(50), 0.545442(all), eps: 0.200000
DR: 0.637371(50), 0.545598(all), eps: 0.200000
DR: 0.651149(50), 0.545721(all), eps: 0.200000
DR: 0.626024(50), 0.545800(all), eps: 0.200000
DR: 0.653605(50), 0.545925(all), eps: 0.200000
DR: 0.623237(50), 0.546052(all), eps: 0.200000
DR: 0.640293(50), 0.546161(all), eps: 0.200000
DR: 0.623135(50), 0.546234(all), eps: 0.200000
DR: 0.758645(50), 0.546480(all), eps: 0.200000
DR: 0.679368(50), 0.546652(all), eps: 0.200000
DR: 0.625703(50), 0.546743(all), eps: 0.200000
DR: 0.648955(50), 0.546890(all), eps: 0.200000
DR: 0.656407(50), 0.547017(all), eps: 0.200000
DR: 0.713214(50), 0.547229(all), eps: 0.200000
DR: 0.645496(50), 0.547342(all), eps: 0.200000
DR: 0.711964(50), 0.547578(all), eps: 0.200000
DR: 0.644052(50), 0.547689(all), eps: 0.200000
DR: 0.623485(50), 0.547820(all), eps: 0.200000
DR: 0.636789(50), 0.547922(all), eps: 0.200000
DR: 0.613690(50), 0.548014(all), eps: 0.200000
DR: 0.589289(50), 0.548061(all), eps: 0.200000
DR: 0.552757(50), 0.548080(all), eps: 0.200000
DR: 0.727279(50), 0.548284(all), eps: 0.200000
DR: 0.634707(50), 0.548383(all), eps: 0.200000
DR: 0.580559(50), 0.548420(all), eps: 0.200000
DR: 0.575078(50), 0.548467(all), eps: 0.200000
DR: 0.649749(50), 0.548582(all), eps: 0.200000
DR: 0.640258(50), 0.548728(all), eps: 0.200000
DR: 0.546066(50), 0.548725(all), eps: 0.200000
DR: 0.586559(50), 0.548794(all), eps: 0.200000
DR: 0.725050(50), 0.548993(all), eps: 0.200000
DR: 0.562469(50), 0.549053(all), eps: 0.200000
DR: 0.642955(50), 0.549159(all), eps: 0.200000
DR: 0.610946(50), 0.549275(all), eps: 0.200000
DR: 0.691905(50), 0.549435(all), eps: 0.200000
DR: 0.665384(50), 0.549589(all), eps: 0.200000
DR: 0.702847(50), 0.549761(all), eps: 0.200000
DR: 0.700416(50), 0.549980(all), eps: 0.200000
DR: 0.699520(50), 0.550147(all), eps: 0.200000
DR: 0.560131(50), 0.550186(all), eps: 0.200000
DR: 0.590129(50), 0.550231(all), eps: 0.200000
DR: 0.718711(50), 0.550462(all), eps: 0.200000
DR: 0.758699(50), 0.550694(all), eps: 0.200000
DR: 0.707583(50), 0.550918(all), eps: 0.200000
DR: 0.663737(50), 0.551043(all), eps: 0.200000
DR: 0.658194(50), 0.551212(all), eps: 0.200000
DR: 0.699443(50), 0.551376(all), eps: 0.200000
DR: 0.651211(50), 0.551514(all), eps: 0.200000
DR: 0.706862(50), 0.551686(all), eps: 0.200000
DR: 0.715930(50), 0.551916(all), eps: 0.200000
DR: 0.666861(50), 0.552043(all), eps: 0.200000
DR: 0.599480(50), 0.552108(all), eps: 0.200000
DR: 0.598408(50), 0.552159(all), eps: 0.200000
DR: 0.699107(50), 0.552342(all), eps: 0.200000
DR: 0.678642(50), 0.552481(all), eps: 0.200000
DR: 0.599039(50), 0.552561(all), eps: 0.200000
DR: 0.653536(50), 0.552671(all), eps: 0.200000
DR: 0.641584(50), 0.552817(all), eps: 0.200000
DR: 0.677061(50), 0.552953(all), eps: 0.200000
DR: 0.642231(50), 0.553041(all), eps: 0.200000
DR: 0.720436(50), 0.553223(all), eps: 0.200000
DR: 0.581835(50), 0.553260(all), eps: 0.200000
DR: 0.674728(50), 0.553392(all), eps: 0.200000
DR: 0.505979(50), 0.553326(all), eps: 0.200000
DR: 0.557946(50), 0.553331(all), eps: 0.200000
DR: 0.690752(50), 0.553469(all), eps: 0.200000
DR: 0.684260(50), 0.553611(all), eps: 0.200000
DR: 0.619387(50), 0.553710(all), eps: 0.200000
DR: 0.569263(50), 0.553727(all), eps: 0.200000
DR: 0.702568(50), 0.553903(all), eps: 0.200000
DR: 0.713242(50), 0.554075(all), eps: 0.200000
DR: 0.612742(50), 0.554186(all), eps: 0.200000
DR: 0.669834(50), 0.554311(all), eps: 0.200000
DR: 0.659539(50), 0.554411(all), eps: 0.200000
DR: 0.666933(50), 0.554532(all), eps: 0.200000
DR: 0.511565(50), 0.554490(all), eps: 0.200000
DR: 0.632194(50), 0.554573(all), eps: 0.200000
DR: 0.589856(50), 0.554628(all), eps: 0.200000
DR: 0.551641(50), 0.554625(all), eps: 0.200000
DR: 0.662981(50), 0.554752(all), eps: 0.200000
DR: 0.640655(50), 0.554844(all), eps: 0.200000
DR: 0.697725(50), 0.555008(all), eps: 0.200000
DR: 0.593641(50), 0.555049(all), eps: 0.200000
DR: 0.618328(50), 0.555137(all), eps: 0.200000
DR: 0.511672(50), 0.555091(all), eps: 0.200000
DR: 0.712746(50), 0.555286(all), eps: 0.200000
DR: 0.596601(50), 0.555330(all), eps: 0.200000
DR: 0.717241(50), 0.555529(all), eps: 0.200000
DR: 0.640516(50), 0.555619(all), eps: 0.200000
DR: 0.579545(50), 0.555644(all), eps: 0.200000
DR: 0.585877(50), 0.555676(all), eps: 0.200000
DR: 0.561741(50), 0.555689(all), eps: 0.200000
DR: 0.668656(50), 0.555808(all), eps: 0.200000
DR: 0.643854(50), 0.555924(all), eps: 0.200000
DR: 0.647801(50), 0.556020(all), eps: 0.200000
DR: 0.602358(50), 0.556085(all), eps: 0.200000
DR: 0.592087(50), 0.556123(all), eps: 0.200000
DR: 0.567529(50), 0.556170(all), eps: 0.200000
DR: 0.680854(50), 0.556301(all), eps: 0.200000
DR: 0.677467(50), 0.556451(all), eps: 0.200000
DR: 0.669534(50), 0.556569(all), eps: 0.200000
DR: 0.649672(50), 0.556707(all), eps: 0.200000
DR: 0.717189(50), 0.556874(all), eps: 0.200000
DR: 0.685776(50), 0.557025(all), eps: 0.200000
DR: 0.593596(50), 0.557063(all), eps: 0.200000
DR: 0.574286(50), 0.557100(all), eps: 0.200000
DR: 0.597668(50), 0.557142(all), eps: 0.200000
DR: 0.571748(50), 0.557181(all), eps: 0.200000
DR: 0.707233(50), 0.557336(all), eps: 0.200000
DR: 0.606575(50), 0.557421(all), eps: 0.200000
DR: 0.676015(50), 0.557544(all), eps: 0.200000
DR: 0.595841(50), 0.557603(all), eps: 0.200000
DR: 0.564114(50), 0.557610(all), eps: 0.200000
DR: 0.537105(50), 0.557617(all), eps: 0.200000
DR: 0.532116(50), 0.557591(all), eps: 0.200000
DR: 0.556098(50), 0.557614(all), eps: 0.200000
DR: 0.593495(50), 0.557651(all), eps: 0.200000
DR: 0.596878(50), 0.557737(all), eps: 0.200000
DR: 0.638877(50), 0.557820(all), eps: 0.200000
DR: 0.637052(50), 0.557930(all), eps: 0.200000
DR: 0.655350(50), 0.558029(all), eps: 0.200000
DR: 0.578418(50), 0.558083(all), eps: 0.200000
DR: 0.673188(50), 0.558200(all), eps: 0.200000
DR: 0.589705(50), 0.558271(all), eps: 0.200000
DR: 0.571294(50), 0.558284(all), eps: 0.200000
DR: 0.594226(50), 0.558349(all), eps: 0.200000
DR: 0.591702(50), 0.558383(all), eps: 0.200000
DR: 0.576128(50), 0.558435(all), eps: 0.200000
DR: 0.607028(50), 0.558484(all), eps: 0.200000
DR: 0.627132(50), 0.558567(all), eps: 0.200000
DR: 0.623918(50), 0.558633(all), eps: 0.200000
DR: 0.593703(50), 0.558699(all), eps: 0.200000
DR: 0.599314(50), 0.558740(all), eps: 0.200000
DR: 0.619326(50), 0.558788(all), eps: 0.200000
DR: 0.691185(50), 0.558921(all), eps: 0.200000
DR: 0.571034(50), 0.558956(all), eps: 0.200000
DR: 0.572682(50), 0.558969(all), eps: 0.200000
DR: 0.700573(50), 0.559102(all), eps: 0.200000
DR: 0.681098(50), 0.559224(all), eps: 0.200000
DR: 0.605365(50), 0.559270(all), eps: 0.200000
DR: 0.538601(50), 0.559250(all), eps: 0.200000
DR: 0.653710(50), 0.559357(all), eps: 0.200000
DR: 0.790812(50), 0.559588(all), eps: 0.200000
DR: 0.661269(50), 0.559701(all), eps: 0.200000
DR: 0.671287(50), 0.559812(all), eps: 0.200000
DR: 0.606218(50), 0.559894(all), eps: 0.200000
DR: 0.645503(50), 0.559979(all), eps: 0.200000
DR: 0.635674(50), 0.560067(all), eps: 0.200000
DR: 0.655541(50), 0.560162(all), eps: 0.200000
DR: 0.528963(50), 0.560123(all), eps: 0.200000
DR: 0.600986(50), 0.560164(all), eps: 0.200000
DR: 0.637207(50), 0.560253(all), eps: 0.200000
DR: 0.598256(50), 0.560291(all), eps: 0.200000
DR: 0.656864(50), 0.560429(all), eps: 0.200000
DR: 0.651441(50), 0.560519(all), eps: 0.200000
DR: 0.710522(50), 0.560698(all), eps: 0.200000
DR: 0.680901(50), 0.560816(all), eps: 0.200000
DR: 0.644103(50), 0.560924(all), eps: 0.200000
DR: 0.622115(50), 0.560984(all), eps: 0.200000
DR: 0.662820(50), 0.561102(all), eps: 0.200000
DR: 0.616524(50), 0.561156(all), eps: 0.200000
DR: 0.654934(50), 0.561287(all), eps: 0.200000
DR: 0.546422(50), 0.561273(all), eps: 0.200000
DR: 0.630398(50), 0.561383(all), eps: 0.200000
DR: 0.705316(50), 0.561523(all), eps: 0.200000
DR: 0.410702(50), 0.561401(all), eps: 0.200000
DR: 0.625607(50), 0.561463(all), eps: 0.200000
DR: 0.720383(50), 0.561616(all), eps: 0.200000
DR: 0.552349(50), 0.561607(all), eps: 0.200000
DR: 0.579247(50), 0.561635(all), eps: 0.200000
DR: 0.691801(50), 0.561761(all), eps: 0.200000
DR: 0.686696(50), 0.561923(all), eps: 0.200000
DR: 0.649828(50), 0.562008(all), eps: 0.200000
DR: 0.645175(50), 0.562123(all), eps: 0.200000
DR: 0.659635(50), 0.562217(all), eps: 0.200000
DR: 0.667846(50), 0.562341(all), eps: 0.200000
DR: 0.762657(50), 0.562534(all), eps: 0.200000
DR: 0.622679(50), 0.562608(all), eps: 0.200000
DR: 0.711077(50), 0.562750(all), eps: 0.200000
DR: 0.754361(50), 0.562969(all), eps: 0.200000
DR: 0.631384(50), 0.563034(all), eps: 0.200000
DR: 0.662813(50), 0.563172(all), eps: 0.200000
DR: 0.488037(50), 0.563100(all), eps: 0.200000
DR: 0.552924(50), 0.563113(all), eps: 0.200000
